#;Nome;Fuori lista;Sq.;Under;R.;R.MANTRA;PGv;MV;FM;FVM/1000;QUOT.;FantaSquadra;Costo
2764;Martinez L.;;Inter;28;A;Pc;18;6,36;8,19;353;34;LAMINCHIADURA;149
2423;Pulisic;;Milan;27;C;T/A;12;6,75;8,67;277;32;Eintracht Piangoforte;104
4871;Thuram;;Inter;28;A;Pc;13;6,46;7,88;265;30;ASTRO NZONZI;151
6875;Paz N.;;Como;21;C;T/A;18;6,5;7,69;258;30;ASTRO NZONZI;53
2194;Calhanoglu;;Inter;31;C;M/C;15;6,5;7,5;251;28;Eintracht Piangoforte;31
2167;Orsolini;;Bologna;28;C;W/A;18;6,11;6,97;236;24;Spezzacaviglie  FC;75
6052;Hojlund;;Napoli;22;A;Pc;14;6,18;7,57;212;27;Betis Pinilla;94
6434;Yildiz;;Juventus;20;A;A;18;6,5;7,72;205;31;Salisburro;133
4510;Leao;;Milan;26;A;A;12;6,29;8,08;205;30;Chi vuol essere paraguaiano;135
4777;McTominay;;Napoli;29;C;C/T;17;6,41;7,03;200;23;Herta Vernello;83
5734;Soulè;;Roma;22;A;A;18;6,19;7,17;182;24;Salisburro;80
2097;Kean;;Fiorentina;25;A;Pc;18;5,83;6,67;169;19;Hoffenaimer;155
254;Dimarco;;Inter;28;D;E;17;6,62;7,53;121;27;Spezzacaviglie  FC;30
632;Zaccagni;;Lazio;30;C;W/A;17;6,09;6,41;119;16;LAMINCHIADURA;91
4730;Lookman;;Atalanta;28;A;A;10;5,8;6,4;101;15;BREAKING BET;100
531;Berardi;;Sassuolo;31;A;A;11;6,45;7,73;100;22;Hoffenaimer;32
2517;De Bruyne;;Napoli;34;C;T;8;6,38;7,81;100;21;Chi vuol essere paraguaiano;100
2137;Scamacca;;Atalanta;26;A;Pc;12;6,17;7,38;98;21;Salisburro;15
5687;Vlasic;;Torino;28;C;T;19;6,11;6,92;98;19;Hoffenaimer;1
5841;Svilar;;Roma;26;P;Por;19;6,37;5,74;92;19;ASTRO NZONZI;33
4220;Zambo Anguissa;;Napoli;30;C;M/C;11;6,5;7,64;91;21;Betis Pinilla;8
2379;Rabiot;;Milan;30;C;C/T;11;6,5;7;86;21;Hoffenaimer;75
4312;Maignan;;Milan;30;P;Por;17;6,29;5,76;84;19;LAMINCHIADURA;40
2766;Zaniolo;;Udinese;26;C;T/A;17;6,24;7;82;21;LAMINCHIADURA;11
4892;Saelemaekers;;Milan;26;C;E/W;18;6,28;6,67;80;19;Salisburro;14
2606;Modric;;Milan;40;C;C;18;6,5;6,72;80;20;Hoffenaimer;13
2061;Simeone;;Torino;30;A;Pc;16;6,12;7,06;77;19;;
5995;De Ketelaere;;Atalanta;24;A;A;17;6,06;6,47;74;16;Spezzacaviglie  FC;38
1870;Barella;;Inter;28;C;C;18;6,28;6,64;74;19;Betis Pinilla;42
7023;Pellegrino M.;;Parma;24;A;Pc;18;6,17;6,92;72;20;Chi vuol essere paraguaiano;1
6831;Neres;;Napoli;28;C;W/A;15;6,23;6,97;68;18;Salisburro;13
2038;Pinamonti;;Sassuolo;26;A;Pc;18;5,83;6,42;66;15;Herta Vernello;16
2814;Provedel;;Lazio;31;P;Por;19;6,21;5,37;66;16;Eintracht Piangoforte;10
6226;Castellanos;*;Lazio;27;A;Pc;11;6,09;6,82;65;18;Eintracht Piangoforte;80
6572;Castro S.;;Bologna;21;A;Pc;16;6,06;7,03;64;23;Betis Pinilla;50
2369;Thauvin;*;Udinese;32;A;A;0;0;0;64;16;;
5876;Di Gregorio;;Juventus;28;P;Por;17;6,15;5,29;64;15;Spezzacaviglie  FC;26
2428;Sommer;;Inter;37;P;Por;16;5,91;5,03;64;13;Eintracht Piangoforte;23
7313;Ratkov;;Lazio;22;A;Pc;0;0;0;62;15;;
2841;Vlahovic;;Juventus;25;A;Pc;13;5,96;6,65;62;16;Herta Vernello;6
2531;Lukaku;;Napoli;32;A;Pc;0;0;0;62;15;LAMINCHIADURA;16
5637;Davis K.;;Udinese;27;A;Pc;18;6,25;7,17;61;23;Betis Pinilla;2
2499;Vardy;;Cremonese;38;A;Pc;15;6,1;7,03;60;21;Chi vuol essere paraguaiano;13
309;Dybala;;Roma;32;A;A;14;5,96;6,11;60;13;Spezzacaviglie  FC;101
5564;Ndoye;*;Bologna;25;C;W;0;0;0;60;18;;
2120;Bastoni;;Inter;26;D;Dc;16;6,25;6,53;60;18;Hoffenaimer;19
7181;Wesley;;Roma;22;D;E;17;6,15;6,56;59;16;ASTRO NZONZI;12
6966;Butez;;Como;30;P;Por;18;6,14;5,61;55;18;BREAKING BET;8
4431;Carnesecchi;;Atalanta;25;P;Por;19;6,26;5,42;53;16;Hoffenaimer;20
5589;Konè M.;;Roma;24;C;M/C;19;6,32;6,5;52;16;BREAKING BET;29
2170;Milinkovic-Savic V.;;Napoli;28;P;Por;14;6,18;5,82;51;17;Herta Vernello;12
5800;Gudmundsson A.;;Fiorentina;28;C;T/A;17;5,91;6,59;50;15;Betis Pinilla;64
4463;Esposito Se.;;Cagliari;23;A;A;18;6,17;6,67;49;17;Hoffenaimer;1
1933;Mandragora;;Fiorentina;28;C;M/C;19;6;6,68;49;18;Salisburro;10
2788;Bremer;;Juventus;28;D;Dc;9;6,22;6,44;46;10;Eintracht Piangoforte;17
5562;Thuram K.;;Juventus;24;C;M/C;18;6,06;6,22;45;13;Herta Vernello;21
4159;Akanji;;Inter;30;D;Dc;16;6,25;6,16;45;11;Betis Pinilla;17
2816;Di Lorenzo;;Napoli;32;D;Dd/E;18;6,03;6,22;44;11;Spezzacaviglie  FC;24
6151;Perrone;;Como;22;C;M/C;16;6,31;6,69;43;16;Chi vuol essere paraguaiano;5
6832;Palestra;;Cagliari;20;D;E;18;6,39;6,53;43;16;ASTRO NZONZI;9
1852;Spinazzola;;Napoli;32;D;Ds/E;13;6,46;7,12;43;19;Salisburro;1
7316;Durosinmi;;Pisa;22;A;Pc;0;0;0;42;15;;
7017;Douvikas;;Como;26;A;Pc;17;6,18;7,24;42;22;LAMINCHIADURA;2
2678;Fullkrug;;Milan;32;A;Pc;2;5,75;5,75;42;13;;
827;Locatelli;;Juventus;27;C;M/C;18;6,36;6,25;42;13;ASTRO NZONZI;6
4409;Rrahmani;;Napoli;31;D;Dc;11;6,18;6,41;42;11;Spezzacaviglie  FC;14
4923;Colombo;;Genoa;23;A;Pc;18;5,81;6,33;41;11;Eintracht Piangoforte;9
6908;Atta;;Udinese;22;C;C;14;6,46;6,75;41;16;Hoffenaimer;3
2765;Odgaard;;Bologna;26;C;T/A;12;6;6,79;41;18;ASTRO NZONZI;17
6060;Laurientè;;Sassuolo;27;A;A;18;6,06;6,69;40;20;LAMINCHIADURA;7
6884;Conceicao;;Juventus;23;C;W/A;14;6,18;6,57;40;15;Eintracht Piangoforte;79
6365;Ferguson E.;;Roma;21;A;Pc;13;6,15;6,96;39;16;BREAKING BET;104
4976;Kalulu;;Juventus;25;D;Dd/Dc;19;6,13;6,32;39;12;Herta Vernello;4
6646;Adams C.;;Torino;29;A;A;17;6,03;6,62;38;17;;
5022;Pavlovic;;Milan;24;D;Dc;17;6,24;6,53;38;16;Betis Pinilla;1
6956;Solet;;Udinese;25;D;Dc;19;5,97;6,08;37;11;Hoffenaimer;14
6398;Isaksen;;Lazio;24;C;W/A;11;6,09;6,64;36;14;Spezzacaviglie  FC;24
2296;Mancini;;Roma;29;D;Dc;18;6,08;6;36;10;Spezzacaviglie  FC;27
7133;Vandeputte;;Cremonese;29;C;W/T;18;6,14;6,33;35;14;BREAKING BET;28
5844;Thorstvedt;;Sassuolo;26;C;C/T;15;6,1;6,4;35;12;Betis Pinilla;15
2134;Falcone;;Lecce;30;P;Por;18;6,39;5,28;35;15;Spezzacaviglie  FC;9
7314;Taylor K.;;Lazio;23;C;C/T;0;0;0;34;14;;
6717;Konè I.;;Sassuolo;23;C;M/C;17;6,12;6,56;34;16;BREAKING BET;1
6552;Orban G.;;Verona;23;A;Pc;15;6;6,93;33;18;Betis Pinilla;16
5792;Ederson D.S.;;Atalanta;26;C;M/C;15;6;5,97;33;9;LAMINCHIADURA;8
4427;Malinovskyi;;Genoa;32;C;C/T;17;6;6,29;33;12;Herta Vernello;1
779;Cristante;;Roma;30;C;M/C;19;6,11;6,13;33;12;Spezzacaviglie  FC;6
5513;Dumfries;;Inter;29;D;E;11;6;6,23;32;10;LAMINCHIADURA;19
7162;Giovane;;Verona;22;A;A;18;6,06;6,72;31;17;BREAKING BET;1
4436;Cambiaghi;;Bologna;25;A;A;16;6,09;6,62;31;17;;
4751;Tomori;;Milan;28;D;Dc;15;6;5,93;31;7;Salisburro;12
2593;Martin;;Genoa;28;D;Ds/E;15;6,07;6,4;31;13;Herta Vernello;15
441;Belotti;;Cagliari;32;A;Pc;3;6,33;8,33;30;8;Chi vuol essere paraguaiano;2
6666;Bernabè;;Parma;24;C;C;18;6,14;6,47;30;16;BREAKING BET;19
4686;Fofana Y.;;Milan;26;C;M/C;16;5,88;6,03;30;10;Salisburro;2
152;Zielinski;;Inter;31;C;C/T;11;6,32;6,95;30;16;;
6496;Bartesaghi;;Milan;20;D;Ds/E;14;6,21;6,61;30;14;;
5504;Coulibaly L.;;Lecce;29;C;M/C;14;6,07;6,39;29;12;Eintracht Piangoforte;2
333;Cataldi;;Lazio;31;C;M/C;17;6,09;6,44;29;13;LAMINCHIADURA;1
22;De Roon;;Atalanta;34;C;M/C;16;6,06;5,94;29;8;Spezzacaviglie  FC;8
7146;Tourè I.;;Pisa;27;C;E/M;17;5,97;6,06;28;10;Hoffenaimer;5
530;Pellegrini Lo.;;Roma;29;C;C/T;12;6,12;6,58;28;15;Betis Pinilla;1
7071;Esposito F.P.;;Inter;20;A;Pc;14;6,25;6,57;27;16;ASTRO NZONZI;11
5544;David;;Juventus;25;A;Pc;15;5,7;6,03;27;13;Herta Vernello;90
505;Bonazzoli;;Cremonese;28;A;A;16;6,34;7,34;27;20;;
6015;Berisha M.;;Lecce;22;C;C/T;12;6,17;6,92;27;14;;
7220;Belghali;;Verona;23;D;Dd/E;15;6,3;6,53;27;12;;
6164;Vitinha O.;;Genoa;25;A;Pc;15;5,9;6,3;26;12;;
4728;Nkunku;;Milan;28;A;A;11;5,86;6,59;26;14;Salisburro;54
536;Politano;;Napoli;32;C;W;17;6,09;6,24;26;12;LAMINCHIADURA;16
4665;Maripan;;Torino;31;D;Dc;18;6,03;6,17;26;11;Chi vuol essere paraguaiano;3
7129;Rodriguez Je.;;Como;20;A;W/A;14;6,07;6,32;25;11;Herta Vernello;10
5674;Basic;;Lazio;29;C;C;13;6,19;6,5;25;14;;
4973;McKennie;;Juventus;27;C;M/C;16;6,09;6,31;25;11;;
4287;Lobotka;;Napoli;31;C;M/C;13;6,08;6,04;25;8;LAMINCHIADURA;13
4177;Pavard;*;Inter;29;D;Dd/Dc;1;6,5;6,5;25;9;;
2724;Buongiorno;;Napoli;26;D;Dc;14;6,07;6,11;25;11;Herta Vernello;21
6669;Bonny;;Inter;22;A;Pc;10;6,4;7,9;24;14;LAMINCHIADURA;13
6435;Krstovic;;Atalanta;25;A;Pc;14;5,93;6,96;24;18;Hoffenaimer;13
2528;Matic;;Sassuolo;37;C;M/C;18;6,08;6,17;24;11;Spezzacaviglie  FC;6
6869;Ramon;;Como;20;D;Dc;16;6,25;6,41;24;13;BREAKING BET;5
6217;Bisseck;;Inter;25;D;Dc;8;6,25;6,5;24;11;Spezzacaviglie  FC;1
5877;Carlos Augusto;;Inter;26;D;B/Ds/E;13;6,23;6,46;24;14;ASTRO NZONZI;12
5835;Baschirotto;;Cremonese;29;D;Dc;19;6;6,29;24;14;Spezzacaviglie  FC;4
5750;Ostigard;;Genoa;26;D;Dc;14;6;6,5;24;13;Herta Vernello;2
460;Romagnoli;;Lazio;30;D;Dc;17;6,09;6;24;9;BREAKING BET;11
5888;Casadei;;Torino;22;C;C/T;17;5,88;6,09;23;8;Chi vuol essere paraguaiano;20
4947;Brescianini;;Fiorentina;25;C;C/T;4;6,25;6,88;23;6;Eintracht Piangoforte;5
6664;Delprato;;Parma;26;D;B/Dd/E;17;5,91;6;23;8;ASTRO NZONZI;15
4317;N'Dicka;;Roma;26;D;Dc;15;5,97;5,87;23;6;Salisburro;19
2640;Kolasinac;;Atalanta;32;D;B/Ds/E;5;6,2;6,1;23;5;;
7127;Addai;;Como;20;A;W/A;10;6,05;6,8;22;13;LAMINCHIADURA;3
7120;Lang;;Napoli;26;A;A;11;6,09;6,36;22;14;Chi vuol essere paraguaiano;26
6680;Karlstrom;;Udinese;30;C;M/C;19;5,92;5,97;22;9;BREAKING BET;1
5992;Bondo;;Cremonese;22;C;M/C;18;5,92;5,81;22;6;;
5791;Frendrup;;Genoa;24;C;M/C;18;5,92;5,86;22;8;Salisburro;10
5735;Volpato;;Sassuolo;22;C;W/T;12;6,25;6,75;22;14;;
4486;Strefezza;*;Como;28;C;W;0;0;0;22;13;;
2839;Sottil;;Lecce;26;C;W/A;12;6;6,29;22;11;;
7212;Heggem;;Bologna;26;D;Ds/Dc;15;5,93;5,87;22;8;Herta Vernello;9
5678;Holm;;Bologna;25;D;Dd/E;8;6,25;7;22;14;;
4360;Caprile;;Cagliari;24;P;Por;19;6,37;4,92;22;12;Salisburro;9
5500;Cancellieri;;Lazio;23;A;W/A;12;6,17;6,79;21;13;Eintracht Piangoforte;1
7070;Sucic P.;;Inter;22;C;C;14;6,07;6,32;21;13;ASTRO NZONZI;6
5559;Da Cunha;;Como;24;C;C/W/T;16;6,09;6,22;21;11;ASTRO NZONZI;25
788;Freuler;;Bologna;33;C;M/C;10;6,05;5,95;21;6;Hoffenaimer;1
5862;Valeri;;Parma;27;D;Ds/E;14;6,04;6,04;21;9;Eintracht Piangoforte;6
5833;Gila;;Lazio;25;D;Dc;18;5,97;5,86;21;8;LAMINCHIADURA;13
5812;Terracciano F.;;Cremonese;22;D;Dd/Ds/E;18;6,08;6,33;21;13;Hoffenaimer;1
5520;Cambiaso;;Juventus;25;D;E;17;5,85;6,06;21;10;Betis Pinilla;9
4137;Diego Carlos;;Como;32;D;Dc;12;6,21;6;21;8;;
554;Zappacosta;;Atalanta;33;D;E;16;5,94;5,88;21;8;Spezzacaviglie  FC;9
7199;Kilicsoy;;Cagliari;20;A;A;6;6,42;7,42;20;11;;
6967;Diao;;Como;20;A;W/A;6;5,75;5,75;20;6;Hoffenaimer;30
5336;Nzola;;Pisa;29;A;Pc;16;5,91;6,19;20;14;Salisburro;1
6984;Ondrejka;;Parma;23;C;W/A;6;5,83;5,83;20;5;;
6684;Ekkelenkamp;;Udinese;25;C;C/T;15;5,97;6,37;20;11;ASTRO NZONZI;1
5453;Ricci S.;;Milan;24;C;M/C;12;6,12;6,46;20;13;Chi vuol essere paraguaiano;9
5318;Tramoni M.;;Pisa;25;C;W/T;15;5,67;5,9;20;6;Hoffenaimer;21
5298;Pobega;;Bologna;26;C;M/C;13;5,88;6,31;20;12;;
4186;Guendouzi;*;Lazio;26;C;C;16;6,16;6,31;20;13;LAMINCHIADURA;16
2077;Pasalic;;Atalanta;30;C;C/T;15;5,9;6,2;20;11;Betis Pinilla;2
184;Bernardeschi;;Bologna;31;C;W/A;11;5,82;6;20;6;Chi vuol essere paraguaiano;3
7155;Muharemovic;;Sassuolo;22;D;Dc;16;5,81;5,88;20;7;BREAKING BET;1
6766;Kelly L.;;Juventus;27;D;Ds/Dc;16;5,94;6,03;20;10;Eintracht Piangoforte;1
6642;Coco;;Torino;26;D;Dc;16;6,16;6,34;20;13;Hoffenaimer;6
6046;Hien;;Atalanta;26;D;Dc;17;5,85;5,82;20;7;BREAKING BET;16
5527;Zanoli;;Udinese;25;D;Dd/E;16;5,97;6,06;20;9;ASTRO NZONZI;1
5514;Vasquez;;Genoa;27;D;Ds/Dc;19;6;5,97;20;10;Salisburro;12
4887;Bellanova;;Atalanta;25;D;E;12;5,92;6;20;7;Chi vuol essere paraguaiano;20
2188;Marusic;;Lazio;33;D;Dd/Ds/E;17;5,88;5,85;20;8;Betis Pinilla;11
5719;Asllani;;Torino;23;C;M/C;14;5,57;5,25;19;3;ASTRO NZONZI;1
5422;Zalewski;;Atalanta;23;C;E/W;13;6,15;6,58;19;15;ASTRO NZONZI;7
4199;Loftus-Cheek;;Milan;29;C;C/T;14;6,18;6,43;19;13;Eintracht Piangoforte;12
6314;Openda;;Juventus;25;A;Pc;12;5,88;6,12;18;12;ASTRO NZONZI;58
4711;Kostic;;Juventus;33;C;E/W;8;6,12;7;18;11;;
4479;Elmas;;Napoli;26;C;W/T;13;5,58;5,54;18;4;Chi vuol essere paraguaiano;1
7255;Britschgi;;Parma;19;D;Dd/Ds/E;14;5,89;5,96;18;7;;
6814;Norton-Cuffy;;Genoa;21;D;Dd/E;18;5,83;5,94;18;7;ASTRO NZONZI;5
4657;Celik;;Roma;28;D;B/Dd/E;15;6,13;6,3;18;13;Betis Pinilla;1
6675;Dovbyk;;Roma;28;A;Pc;12;6;6,83;17;15;BREAKING BET;105
6380;Solomon;;Fiorentina;26;A;W/A;2;6;6;17;8;;
6898;Keita M.;;Parma;23;C;M/C;16;5,88;5,84;17;7;Betis Pinilla;3
6844;Rowe;;Bologna;22;C;W/T;10;6,05;5,95;17;7;Herta Vernello;13
6252;Folorunsho;;Cagliari;27;C;C/T;16;6,03;6,12;17;9;Salisburro;10
6206;Fabbian;;Bologna;22;C;C/T;10;5,85;6,15;17;6;ASTRO NZONZI;1
5858;Ferguson;;Bologna;26;C;C/T;11;5,86;5,82;17;5;Salisburro;13
5685;Koopmeiners;;Juventus;27;C;C/T;16;5,66;5,5;17;5;Eintracht Piangoforte;23
5131;Gilmour;;Napoli;24;C;M/C;6;6;6,42;17;7;;
1871;Deiola;;Cagliari;30;C;M/C;12;6,04;6;17;6;;
6632;Gaspar K.;;Lecce;28;D;Dc;17;5,88;5,71;17;5;Hoffenaimer;1
6480;Tchatchoua;*;Verona;24;D;Dd/E;0;0;0;17;8;;
5885;Dodò;;Fiorentina;27;D;E;19;5,74;5,71;17;5;Salisburro;21
513;Acerbi;;Inter;37;D;Dc;10;6,05;5,95;17;6;Spezzacaviglie  FC;7
256;Juan Jesus;;Napoli;34;D;Ds/Dc;10;5,95;5,75;17;4;;
2521;De Gea;;Fiorentina;35;P;Por;19;6,18;4,76;17;11;Betis Pinilla;21
2489;Pedro;;Lazio;38;A;A;11;5,95;6,23;16;7;LAMINCHIADURA;7
6458;Serdar;;Verona;28;C;C;12;6,17;6,58;16;12;;
6271;El Aynaoui;;Roma;24;C;M/C;9;6;6;16;5;BREAKING BET;21
6190;Pisilli;;Roma;21;C;C;4;6;6,25;16;4;Betis Pinilla;1
6054;Moro N.;;Bologna;27;C;M/C;13;5,96;6,15;16;9;Spezzacaviglie  FC;1
5813;Miretti;;Juventus;22;C;C/T;5;6,2;6,7;16;6;;
7018;Nelsson;;Verona;27;D;Dc;17;5,62;5,53;16;4;;
5449;Parisi;;Fiorentina;25;D;E;11;6,05;5,95;16;6;;
4807;Hermoso;;Roma;30;D;Dc;14;6,18;6,21;16;11;Betis Pinilla;9
4734;Miranda J.;;Bologna;25;D;Ds/E;14;6,07;6,14;16;11;Hoffenaimer;18
4374;Walukiewicz;;Sassuolo;25;D;Dd/Dc;18;5,86;5,81;16;7;BREAKING BET;1
2722;Ravaglia F.;;Bologna;26;P;Por;8;6,44;5;16;10;Herta Vernello;2
7252;Stulic;;Lecce;24;A;Pc;17;5,62;5,76;15;6;ASTRO NZONZI;5
6895;Dominguez B.;;Bologna;22;A;W/A;7;5,71;5,79;15;4;Salisburro;1
6243;Borrelli;;Cagliari;25;A;Pc;17;5,94;6,44;15;13;;
4179;Gonzalez N.;*;Juventus;27;A;W/A;0;0;0;15;11;;
785;Immobile;;Bologna;35;A;Pc;3;5,67;5,67;15;6;Spezzacaviglie  FC;26
7132;Collocolo;;Cremonese;26;C;M/C;3;6,17;6;15;2;Herta Vernello;3
7028;Bernede;;Verona;26;C;C;18;5,89;6,08;15;9;;
6294;Ndour;;Fiorentina;21;C;M/C;13;5,69;5,88;15;6;ASTRO NZONZI;1
5998;Zerbin;;Cremonese;26;C;E/W;14;5,93;6,04;15;7;Chi vuol essere paraguaiano;1
5761;Zhegrova;;Juventus;26;C;W;5;6,2;6,2;15;9;Herta Vernello;18
5393;Man;*;Parma;27;C;W/A;0;0;0;15;11;;
4870;Adopo;;Cagliari;25;C;M/C;19;5,71;5,84;15;7;Betis Pinilla;4
4459;Rovella;;Lazio;24;C;M/C;4;6;6,12;15;3;LAMINCHIADURA;8
1976;Mazzitelli;;Cagliari;30;C;M/C;5;6,1;6,4;15;6;;
449;Vazquez;;Cremonese;36;C;T/A;12;6,21;6,62;15;15;Hoffenaimer;16
7253;Bella-Kotchap;;Verona;24;D;Dc;12;5,79;5,71;15;5;;
6989;Tiago Gabriel;;Lecce;21;D;Dc;17;5,91;6,06;15;10;Chi vuol essere paraguaiano;2
6663;Circati;;Parma;22;D;Dc;13;6,04;6,19;15;9;Herta Vernello;2
6039;Cabal;;Juventus;24;D;B/Ds/E;5;6,1;7,2;15;8;;
5555;Kamara H.;;Udinese;31;D;Ds/E;13;5,92;5,88;15;6;;
4461;Zappa;;Cagliari;26;D;B/Dd/E;17;5,91;5,97;15;7;Salisburro;2
4378;Ranieri L.;;Fiorentina;26;D;Ds/Dc;17;5,79;5,82;15;7;Betis Pinilla;11
787;Djimsiti;;Atalanta;32;D;Dc;17;5,74;5,71;15;6;ASTRO NZONZI;1
761;Audero;;Cremonese;28;P;Por;15;6,37;5,3;15;15;Chi vuol essere paraguaiano;1
572;Meret;;Napoli;28;P;Por;4;6,12;5,12;15;8;Herta Vernello;21
133;Skorupski;;Bologna;34;P;Por;9;6,22;5,28;15;12;Hoffenaimer;15
7128;Kuhn;;Como;25;A;W/A;8;5,88;5,88;14;5;Eintracht Piangoforte;10
6145;Ngonge;;Torino;25;A;A;14;5,89;6,11;14;10;Chi vuol essere paraguaiano;2
5455;Moreo;;Pisa;32;A;A;16;6;6,56;14;15;;
4371;Raspadori;*;Napoli;25;A;A;0;0;0;14;13;;
7318;Gandelman;;Lecce;25;C;C/T;0;0;0;14;6;;
7198;Piotrowski;;Udinese;28;C;C;18;5,92;6,03;14;9;;
7149;Marin M.;;Pisa;27;C;M/C;12;5,83;5,75;14;5;Salisburro;2
6486;Suslov;;Verona;23;C;W/T;0;0;0;14;1;;
6424;Prati;;Cagliari;22;C;M/C;18;5,89;5,94;14;7;LAMINCHIADURA;3
6218;Oristanio;;Parma;23;C;W/T/A;8;5,75;5,69;14;5;Betis Pinilla;27
6020;Ellertsson;;Genoa;23;C;C/W;17;5,88;6,09;14;10;BREAKING BET;1
4404;Thorsby;;Genoa;29;C;C/T;11;6,23;6,77;14;15;;
181;Vecino;;Lazio;34;C;M/C;10;6;6,05;14;6;Chi vuol essere paraguaiano;1
7219;Bernasconi;;Atalanta;22;D;E;8;6,19;6,12;14;6;;
6639;Frese;;Verona;27;D;Ds/E;16;5,84;5,75;14;6;Eintracht Piangoforte;5
5701;Obert;;Cagliari;23;D;Ds/Dc;16;5,81;5,69;14;5;Hoffenaimer;1
5578;Kossounou;;Atalanta;24;D;Dd/Dc;10;6;6,3;14;9;Salisburro;10
4401;Gabbia;;Milan;26;D;Dc;16;5,97;5,88;14;8;Chi vuol essere paraguaiano;2
4210;Mina;;Cagliari;31;D;Dc;12;5,83;6;14;8;ASTRO NZONZI;10
612;Bianchetti;;Cremonese;32;D;Dc;16;5,88;5,88;14;6;Herta Vernello;1
7008;Gimenez;;Milan;24;A;Pc;9;5,56;5,5;13;12;Chi vuol essere paraguaiano;100
6207;Almqvist;;Parma;26;A;W/A;8;5,88;5,88;13;4;;
5918;Sulemana K.;;Atalanta;23;A;A;11;6,05;6,55;13;11;;
608;Zapata D.;;Torino;34;A;Pc;10;5,7;5,7;13;8;Betis Pinilla;31
7145;Piccinini G.;;Pisa;24;C;E/M;9;5,83;5,72;13;4;;
7138;Ordonez C.;;Parma;21;C;M/C;8;5,56;5,31;13;3;LAMINCHIADURA;1
6629;Dele-Bashiru;;Lazio;24;C;C/T;6;5,67;5,67;13;3;Spezzacaviglie  FC;1
5688;Harroui;;Verona;27;C;W/T;5;5,6;5,6;13;2;;
5610;Vranckx;;Sassuolo;23;C;M/C;10;5,65;5,6;13;3;;
5561;Stengs;;Pisa;27;C;W/T;0;0;0;13;2;Eintracht Piangoforte;1
5540;Niasse;;Verona;25;C;M/C;10;5,9;5,95;13;5;BREAKING BET;1
5301;Luis Henrique;;Inter;24;C;E/W;11;5,91;6;13;6;Eintracht Piangoforte;5
5295;Musah;;Atalanta;23;C;C/W;9;6;6;13;6;Chi vuol essere paraguaiano;4
5036;Caqueret;;Como;25;C;C/T;12;6,08;6,21;13;10;Eintracht Piangoforte;1
4896;Maldini;;Atalanta;24;C;T/A;6;5,92;5,83;13;3;Hoffenaimer;11
4349;Nicolussi Caviglia;;Fiorentina;25;C;M/C;8;5,62;5,62;13;3;Hoffenaimer;1
7143;Angori;;Pisa;22;D;Ds/E;16;6,03;6,06;13;9;Spezzacaviglie  FC;1
6990;Veiga D.;;Lecce;23;D;Dd/E;17;5,76;5,65;13;5;LAMINCHIADURA;1
6894;Unai Nunez;;Verona;28;D;Dc;15;5,9;5,63;13;4;;
6887;Leoni;*;Parma;19;D;Dc;0;0;0;13;7;;
6202;Beukema;;Napoli;27;D;Dc;8;5,94;6,19;13;8;Betis Pinilla;1
6042;Lucumì;;Bologna;27;D;Dc;13;5,88;6,04;13;7;Chi vuol essere paraguaiano;1
6013;Barbieri;;Cremonese;23;D;Dd/Ds/E;14;6,07;6;13;9;Herta Vernello;1
5820;Bertola;;Udinese;22;D;Dc;14;5,82;5,82;13;5;ASTRO NZONZI;1
4502;Gallo;;Lecce;25;D;Ds/E;18;5,92;5,86;13;7;Hoffenaimer;3
4236;Muric;;Sassuolo;27;P;Por;18;6,19;4,83;13;12;Hoffenaimer;1
7001;N'Dri;;Lecce;25;A;W/A;8;6;6,62;12;11;;
6653;Bravo;;Udinese;20;A;A;3;6,17;7;12;4;Spezzacaviglie  FC;1
7208;Miller L.;;Udinese;19;C;M/C;4;6,12;6;12;3;;
7203;Jashari;;Milan;23;C;C;2;5,75;5,75;12;4;ASTRO NZONZI;5
6640;Felici;;Cagliari;24;C;W;11;6,05;6,55;12;12;;
6593;Akinsanmiro;;Pisa;21;C;C/T;12;6,08;6,12;12;8;;
6549;Pierotti;;Lecce;24;C;W/A;17;5,76;5,76;12;7;Betis Pinilla;1
6394;Ramadani;;Lecce;29;C;M/C;18;5,78;5,67;12;5;;
6106;Carboni V.;*;Genoa;20;C;T/A;10;5,7;5,6;12;4;Herta Vernello;16
5784;Aebischer;;Pisa;28;C;C;18;5,78;5,67;12;5;;
5319;Sohm;;Fiorentina;24;C;C;12;5,54;5,54;12;4;Spezzacaviglie  FC;1
4930;Ghion;*;Sassuolo;25;C;M/C;0;0;0;12;4;;
4890;Tameze;;Torino;31;C;M/C;14;5,82;5,79;12;5;;
4465;Fagioli;;Fiorentina;24;C;C;16;5,94;6,03;12;8;Herta Vernello;1
2670;Bailey;;Roma;28;C;W/A;5;5,7;5,7;12;4;Herta Vernello;20
2529;Mkhitaryan;;Inter;36;C;C/T;12;6,04;5,96;12;6;Spezzacaviglie  FC;2
795;El Shaarawy;;Roma;33;C;W;10;6;6,05;12;6;Salisburro;15
7260;Ziolkowski;;Roma;20;D;Dc;7;6,07;5,93;12;4;;
7139;Canestrelli;;Pisa;25;D;Dc;19;5,74;5,68;12;5;LAMINCHIADURA;1
7014;Smolcic I.;;Como;25;D;Dd/Dc;12;5,88;5,62;12;4;;
6986;Rensch;;Roma;22;D;B/Dd/E;7;6,07;6,07;12;6;Spezzacaviglie  FC;2
6985;Candè;;Sassuolo;27;D;Ds/Dc;8;5,69;5,56;12;3;;
6916;Ahanor;;Atalanta;17;D;B/Ds/E;10;5,9;5,9;12;5;ASTRO NZONZI;14
6672;Idzes;;Sassuolo;25;D;Dc;18;5,92;5,89;12;8;Eintracht Piangoforte;2
6485;Kristensen T.;;Udinese;23;D;Dd/Dc;10;5,9;6,15;12;7;Chi vuol essere paraguaiano;11
5851;Doig;;Sassuolo;23;D;Ds/E;17;5,85;5,74;12;6;Salisburro;3
5603;Pongracic;;Fiorentina;28;D;Dc;17;5,71;5,5;12;4;Eintracht Piangoforte;1
5526;Scalvini;;Atalanta;22;D;Dc;6;6,25;7,25;12;11;Betis Pinilla;13
4385;Lazaro;;Torino;29;D;Dd/E;18;5,83;5,89;12;8;Betis Pinilla;8
2728;Pellegrini Lu.;;Lazio;26;D;Ds/E;15;5,9;5,8;12;6;Eintracht Piangoforte;2
2273;Caracciolo A.;;Pisa;35;D;Dc;19;5,92;5,82;12;7;;
393;Luperto;;Cagliari;29;D;Dc;15;5,83;5,97;12;9;Hoffenaimer;2
6662;Corvi;;Parma;24;P;Por;7;6;4,93;12;10;;
5320;Paleari;;Torino;33;P;Por;10;6,1;4,85;12;11;;
188;Leali;;Genoa;32;P;Por;18;6,11;4,61;12;9;Chi vuol essere paraguaiano;1
7249;Buksa;;Udinese;29;A;Pc;12;5,92;6,12;11;9;;
6836;Meister;;Pisa;22;A;Pc;14;5,68;5,86;11;5;;
6822;Ekhator;;Genoa;19;A;A;12;6;6,42;11;10;;
6556;Noslin;;Lazio;26;A;A;8;5,94;6,56;11;12;;
5506;Ekuban;;Genoa;31;A;A;16;5,88;6,12;11;10;;
2155;Cutrone;;Parma;27;A;Pc;13;5,73;5,96;11;8;Eintracht Piangoforte;5
7209;Sorensen O.;;Parma;23;C;C;16;5,84;5,97;11;7;;
6917;Masini;;Genoa;24;C;M/C;14;5,89;5,79;11;5;BREAKING BET;1
6815;Fadera;;Sassuolo;24;C;W;17;5,85;6;11;10;Hoffenaimer;1
6633;Pierret;;Lecce;25;C;M/C;1;6;6;11;2;;
6246;Lipani;;Sassuolo;20;C;M/C;5;5,7;5,7;11;2;Spezzacaviglie  FC;1
6024;Sulemana I.;;Bologna;22;C;M/C;1;5,5;5;11;1;Salisburro;2
6010;Fazzini;;Fiorentina;22;C;C/T;8;5,81;5,81;11;3;Herta Vernello;2
5823;Baldanzi;;Roma;22;C;T/A;9;6;6,22;11;6;Hoffenaimer;11
5119;Samardzic;;Atalanta;23;C;T;12;5,96;6,33;11;13;;
4364;Gaetano;;Cagliari;25;C;T;17;6,03;6,41;11;14;Hoffenaimer;1
7068;Vitik;;Bologna;22;D;Dc;8;5,81;5,69;11;3;BREAKING BET;12
6867;Valle;;Como;21;D;Ds/E;14;5,96;6;11;8;LAMINCHIADURA;1
6802;Savona;*;Juventus;22;D;B/Dd/E;0;0;0;11;4;;
6426;Pedersen;;Torino;25;D;Dd/E;13;5,85;5,77;11;5;BREAKING BET;3
5840;Olivera;;Napoli;28;D;Ds/E;9;5,61;5,5;11;4;Chi vuol essere paraguaiano;6
5831;Gatti;;Juventus;27;D;Dc;10;5,9;6,05;11;6;ASTRO NZONZI;15
5532;Bradaric;;Verona;26;D;Ds/E;14;5,86;5,79;11;5;;
5307;Valenti;;Parma;26;D;Dc;13;5,92;5,85;11;6;Chi vuol essere paraguaiano;2
5010;Ismajli;;Torino;29;D;Dc;12;5,96;6,04;11;7;ASTRO NZONZI;1
4994;Vojvoda;;Como;30;D;Dd/E;14;6,14;6,36;11;12;Hoffenaimer;7
770;Pezzella Giu.;;Cremonese;28;D;Ds/E;14;5,71;5,64;11;4;Chi vuol essere paraguaiano;1
2861;Semper;;Pisa;27;P;Por;17;6,18;4,71;11;10;BREAKING BET;1
6667;Benedyczak;;Parma;25;A;A;9;5,94;6,33;10;9;;
6643;Dallinga;;Bologna;25;A;Pc;13;5,81;6,08;10;10;;
6630;Mosquera;;Verona;26;A;Pc;10;6;6,15;10;8;BREAKING BET;1
6519;Camarda;;Lecce;17;A;Pc;16;5,66;5,62;10;5;Eintracht Piangoforte;19
6409;Beltran L.;*;Fiorentina;24;A;A;0;0;0;10;6;;
6215;Lucca;;Napoli;25;A;Pc;9;5,72;6;10;6;Betis Pinilla;20
6205;Mulattieri;*;Sassuolo;25;A;Pc;0;0;0;10;4;;
6001;Banda;;Lecce;24;A;W/A;14;6,04;6,39;10;12;;
5672;Dia;;Lazio;29;A;Pc;13;5,62;5,85;10;7;Eintracht Piangoforte;1
5297;Luvumbo;;Cagliari;23;A;A;9;5,89;5,89;10;4;;
4359;Piccoli;;Fiorentina;24;A;Pc;15;5,63;5,83;10;7;Spezzacaviglie  FC;22
2475;Sanchez;*;Udinese;37;A;A;0;0;0;10;6;;
647;Dzeko;;Fiorentina;39;A;Pc;8;5,62;5,56;10;4;ASTRO NZONZI;17
479;Sanabria;;Cremonese;29;A;Pc;13;5,88;6,12;10;7;;
313;Morata;;Como;33;A;Pc;11;5,5;5,18;10;5;Herta Vernello;12
7254;Lorran;;Pisa;19;C;T;3;6;7;10;6;;
7126;Baturina;;Como;22;C;T;6;5,75;6,25;10;6;;
6980;Venturino;;Genoa;19;C;W;1;6;6;10;1;Chi vuol essere paraguaiano;1
6889;Anjorin;;Torino;24;C;C/T;3;5,67;5,5;10;2;;
6634;Tete Morente;;Lecce;29;C;W;13;5,58;5,58;10;4;BREAKING BET;1
6274;Diouf;;Inter;22;C;C;2;6;6;10;2;Herta Vernello;1
6191;Belahyane;;Lazio;21;C;M/C;7;5,79;5,71;10;3;;
6005;Ilkhan;;Torino;21;C;C/T;3;5,5;5,5;10;2;;
5290;Estevez;;Parma;30;C;M/C;10;5,75;5,65;10;4;Salisburro;1
4970;Messias;;Genoa;34;C;C/W;4;6;6;10;3;;
4423;Hernani;*;Parma;31;C;C;3;5,67;5,67;10;2;;
4284;Sergi Roberto;;Como;33;C;M/C;4;5,88;5,62;10;2;BREAKING BET;1
2848;Frattesi;;Inter;26;C;C/T;5;6;6;10;4;Spezzacaviglie  FC;19
27;Grassi;;Cremonese;30;C;M/C;12;5,71;5,62;10;4;;
7131;Floriani Mussolini;;Cremonese;22;D;Dd/E;12;5,75;5,67;10;4;Salisburro;9
7125;Idrissi R.;;Cagliari;20;D;Ds/E;11;5,95;6,14;10;8;Hoffenaimer;1
6957;Valentini N.;;Verona;24;D;Dc;8;5,88;5,81;10;4;;
6893;Kempf;;Como;30;D;Dc;11;6,23;6,73;10;13;;
6660;Marcandalli;;Genoa;23;D;Dc;12;5,83;5,75;10;5;;
6537;Goglichidze;;Udinese;21;D;Dd/Dc;6;5,75;5,58;10;2;Herta Vernello;5
6531;Jimenez A.;*;Milan;20;D;Dd/Ds/E;1;5,5;5;10;5;;
6495;Comuzzo;;Fiorentina;20;D;Dc;13;5,69;5,69;10;5;Eintracht Piangoforte;11
5620;Tavares N.;;Lazio;25;D;Ds/E;8;5,5;5,44;10;6;Eintracht Piangoforte;27
5427;Gutierrez;;Napoli;24;D;Ds/E;6;5,75;5,75;10;3;Herta Vernello;9
4772;Angelino;;Roma;28;D;E;5;5,8;5,7;10;7;LAMINCHIADURA;23
4433;Zortea;;Bologna;26;D;E;13;5,85;5,92;10;8;Salisburro;15
4263;Kabasele;;Udinese;34;D;Dc;14;6,07;6,18;10;12;;
2653;Lykogiannis;;Bologna;32;D;Ds/E;6;5,75;5,67;10;3;;
2160;Gosens;;Fiorentina;31;D;E;12;6;6,42;10;10;Herta Vernello;23
1891;Ceccherini;;Cremonese;33;D;Dd/Dc;4;5,38;5,12;10;2;;
791;Sabelli;;Genoa;32;D;Dd/Ds/E;4;5,75;5,25;10;1;;
49;Masina;;Torino;31;D;B/Ds/E;4;5,38;5,62;10;2;;
6641;Suzuki;;Parma;23;P;Por;11;6;4,95;10;10;Chi vuol essere paraguaiano;1
6462;Okoye;;Udinese;26;P;Por;11;5,82;4,73;10;10;Salisburro;2
7183;Aboukhlal;;Torino;25;A;A;7;5,71;5,57;9;2;;
6555;Moumbagna;;Cremonese;25;A;Pc;4;5,62;5,62;9;2;;
6229;Tourè E.;*;Atalanta;24;A;Pc;0;0;0;9;6;;
6159;Sarr A.;;Verona;24;A;A;17;5,68;5,68;9;5;BREAKING BET;1
7246;Sala A.;;Lecce;24;C;C;4;5,75;6;9;2;LAMINCHIADURA;1
6804;Richardson;;Fiorentina;23;C;M/C;1;5,5;5,5;9;2;;
6170;Gineitis;;Torino;21;C;C;11;5,68;5,68;9;4;;
5850;Lovric;;Udinese;27;C;C;3;5,67;5,83;9;3;;
4856;Chukwueze;*;Milan;26;C;W;1;5,5;5,5;9;3;;
2334;Leris;;Pisa;27;C;W;16;6,09;6,38;9;12;;
7268;Rodriguez Ju.;;Cagliari;20;D;Ds/Dc;5;5,7;5,6;9;4;;
7069;Fortini;;Fiorentina;19;D;E;11;5,91;5,91;9;6;ASTRO NZONZI;1
6977;Otoa;;Genoa;21;D;Dc;6;5,67;5,58;9;3;;
6066;Posch;;Como;28;D;Dd/Dc;6;6,08;6,58;9;9;Eintracht Piangoforte;5
5994;Ebosse;;Verona;26;D;Ds/Dc;1;5;5;9;1;;
5273;Estupinan;;Milan;27;D;Ds/E;7;5,71;5,64;9;3;Betis Pinilla;10
2745;Calabresi;;Pisa;29;D;B/Dd/E;12;5,83;5,67;9;4;;
697;Cuadrado;;Pisa;37;D;E;9;6,11;6,33;9;9;Betis Pinilla;3
388;Albiol;;Pisa;40;D;Dc;6;5,83;5,75;9;3;;
322;De Vrij;;Inter;33;D;Dc;2;6,25;6,25;9;4;LAMINCHIADURA;9
7161;Bayo V.;;Udinese;28;A;Pc;8;5,75;5,88;8;3;;
6439;Cheddira;;Sassuolo;27;A;Pc;6;5,92;6,42;8;6;;
5496;Johnsen;;Cremonese;27;A;A;7;5,93;6,5;8;6;;
1842;Pierini;;Sassuolo;27;A;A;3;6;5,83;8;2;;
7276;Cremaschi;;Parma;20;C;C;0;0;0;8;1;;
7165;Liteta;;Cagliari;19;C;M/C;2;5,75;5,75;8;1;;
7157;Iannoni;;Sassuolo;24;C;C;3;6,17;7,17;8;4;;
7010;Al-Musrati;;Verona;29;C;M/C;6;5,92;5,83;8;4;;
6528;Sarmiento J.;;Cremonese;23;C;W/T;5;5,9;5,9;8;3;;
6481;Payero;;Cremonese;27;C;C;15;6,03;6,03;8;8;;
5457;Maleh;;Lecce;27;C;M/C;6;5,83;5,67;8;3;;
5286;Akpa Akpro;;Verona;33;C;M/C;9;5,89;5,67;8;3;;
5007;Ilic;;Torino;24;C;C;7;6;5,86;8;4;Salisburro;2
2117;Kastanos;;Verona;27;C;C/T;1;6;6;8;2;;
801;Gagliardini;;Verona;31;C;M/C;13;5,88;5,92;8;7;;
7274;Zè Pedro;;Cagliari;28;D;Dc;5;5,2;5,2;8;1;;
7235;Troilo;;Parma;22;D;Dc;5;5,6;5,3;8;2;;
7211;Athekame;;Milan;21;D;Dd/E;4;5,75;6,25;8;4;;
7202;Ndiaye;;Parma;23;D;Dc;7;5,36;5,07;8;1;;
6896;Van Der Brempt;;Como;23;D;Dd/E;4;6,25;6,12;8;3;;
6809;Marianucci;;Napoli;21;D;Dc;2;5,5;6;8;3;;
6631;Ghilardi;;Roma;22;D;Dc;3;5,67;5,67;8;2;Spezzacaviglie  FC;1
6444;Bonfanti;;Pisa;22;D;Dc;9;5,61;5,56;8;2;;
6211;Zemura;;Udinese;26;D;Ds/E;7;5,71;5,64;8;2;;
6055;Thiaw;*;Milan;24;D;Dc;0;0;0;8;4;;
6047;Ehizibue;;Udinese;30;D;Dd/E;11;5,64;5,55;8;4;;
5739;De Winter;;Milan;23;D;Dd/Dc;9;5,78;5,78;8;4;LAMINCHIADURA;6
5435;Moreno Alb.;;Como;33;D;Ds/E;5;6,3;6,8;8;7;;
5156;Nkounkou;;Torino;25;D;Ds/E;6;5,75;5,75;8;2;;
4904;Marì;;Fiorentina;32;D;Dc;10;5,45;5,3;8;2;;
2525;Darmian;;Inter;36;D;B/Dd/E;0;0;0;8;1;Spezzacaviglie  FC;1
2279;Romagna;;Sassuolo;28;D;Dc;3;5,5;5,5;8;1;;
2263;Lazzari;;Lazio;32;D;Dd/E;10;5,7;5,6;8;3;LAMINCHIADURA;2
487;De Silvestri;;Bologna;37;D;Dd/E;5;6,1;5,9;8;3;;
294;Rugani;;Juventus;31;D;Dc;4;5,88;5,88;8;2;;
4957;Montipò;;Verona;29;P;Por;18;6,17;4,67;8;10;BREAKING BET;9
7213;Frigan;;Parma;22;A;Pc;0;0;0;7;1;;
7153;Lind;*;Pisa;23;A;Pc;0;0;0;7;4;;
6459;Karlsson;*;Bologna;27;A;W/A;0;0;0;7;3;;
5471;Djuric;;Parma;35;A;Pc;1;5,5;5;7;1;;
7135;Stanciu;;Genoa;32;C;C/T;4;5,5;4,75;7;1;Chi vuol essere paraguaiano;1
6722;Gronbaek;;Genoa;24;C;W/T;2;5,5;5,25;7;2;Chi vuol essere paraguaiano;13
6225;El Azzouzi;*;Bologna;24;C;M/C;0;0;0;7;3;;
6222;Rafia;*;Lecce;26;C;C/T;0;0;0;7;1;;
6212;Zarraga;;Udinese;26;C;M/C;4;5,75;5,62;7;2;;
5872;Helgason;;Lecce;25;C;C/T;3;5,5;5,5;7;2;;
7154;Odenthal;;Sassuolo;25;D;Dc;0;0;0;7;1;;
7020;Salah-Eddine;*;Roma;23;D;E;0;0;0;7;3;;
7012;Provstgaard;;Lazio;22;D;Dc;6;6;6;7;3;Eintracht Piangoforte;4
6965;Lovik;;Parma;22;D;Ds/E;6;5,58;5,58;7;2;;
6900;Rui Modesto;;Udinese;26;D;E;2;5,75;6,25;7;2;;
6231;Azzi;*;Cremonese;31;D;Ds/E;0;0;0;7;3;;
5718;Viti;;Fiorentina;23;D;Dc;6;5,58;5,33;7;2;;
5498;Casale;;Bologna;27;D;Dc;4;5,5;5,5;7;2;LAMINCHIADURA;1
5353;Balogh;*;Parma;23;D;Dc;0;0;0;7;3;;
4982;Erlic;*;Bologna;27;D;Dc;0;0;0;7;3;;
6644;Rocha Livramento;*;Verona;24;A;Pc;0;0;0;6;2;;
7150;Vural;;Pisa;19;C;C;8;5,81;5,62;6;3;;
6219;Boloca;;Sassuolo;27;C;M/C;2;5,75;5,75;6;2;Herta Vernello;2
5824;Pafundi;*;Udinese;19;C;T/A;0;0;0;6;1;;
4911;Douglas Luiz;*;Juventus;27;C;C;0;0;0;6;3;;
7240;Siebert;;Lecce;23;D;Dc;2;4,5;4,5;6;1;;
7222;Cham;;Verona;19;D;Dd/Ds/E;3;5,17;5,17;6;2;;
6665;Coulibaly W.;;Sassuolo;26;D;Dd/Ds/E;6;5,42;5,42;6;2;;
5168;Tsimikas;;Roma;29;D;Ds/E;6;5,92;5,83;6;3;Herta Vernello;1
418;Goldaniga;;Como;32;D;Dc;0;0;0;6;1;;
327;Patric;;Lazio;32;D;Dd/Dc;1;6;6;6;1;;
6227;Okafor;*;Milan;25;A;A;0;0;0;5;4;;
6213;Brenner;*;Udinese;25;A;A;0;0;0;5;3;;
5863;Castagnetti;*;Cremonese;36;C;M/C;0;0;0;5;3;BREAKING BET;1
4677;Cornet;;Genoa;29;C;W;3;4,83;3,83;5;1;;
4662;Weah;*;Juventus;25;C;E/W;0;0;0;5;7;;
2842;Zanimacchia;*;Cremonese;27;C;W;0;0;0;5;4;;
7271;Odogu;;Milan;19;D;Dc;0;0;0;5;1;;
7175;Joao Mario;;Juventus;25;D;E;4;5,75;5,88;5;2;BREAKING BET;4
7130;Folino;;Cremonese;23;D;Dc;4;6;6,75;5;6;;
7011;Slotsager;;Verona;19;D;Dc;0;0;0;5;1;;
6992;Oyegoke;;Verona;22;D;B/Dd/E;2;5;5;5;1;;
6944;Jack;*;Como;19;D;Ds/Dc;0;0;0;5;2;;
6870;Faye;;Cremonese;21;D;Dc;5;5,7;5,6;5;2;;
6821;Hainaut;*;Parma;23;D;Dd/E;0;0;0;5;2;;
6533;Giannetti L.;*;Udinese;32;D;Dc;0;0;0;5;3;;
6411;Mateus Lusuardi;;Pisa;21;D;Dc;3;5,83;5,67;5;2;;
6351;Lamptey;;Fiorentina;25;D;Dd/Ds/E;1;6;6;5;1;;
6230;Dossena;;Como;27;D;Dc;0;0;0;5;1;Spezzacaviglie  FC;2
6189;Missori;*;Sassuolo;21;D;Dd/E;0;0;0;5;2;;
6041;Schuurs;;Torino;26;D;Dc;0;0;0;5;1;;
5481;Mazzocchi;;Napoli;30;D;Dd/Ds/E;2;5,5;5;5;1;;
4495;Kumbulla;*;Roma;25;D;Dc;0;0;0;5;2;;
252;Biraghi;;Torino;33;D;Ds/E;8;5,62;5,62;5;3;BREAKING BET;12
6827;Njie;;Torino;20;A;A;3;5,83;7,17;4;6;;
6628;Taremi;*;Inter;33;A;Pc;0;0;0;4;3;;
6538;Onana J.;;Genoa;25;C;M/C;1;5,5;5,5;4;2;;
5788;Sabiri;;Fiorentina;29;C;T;1;5,5;5,5;4;2;;
7196;Denoon;;Pisa;21;D;Dc;2;5,5;5,25;4;1;;
7141;Rus;*;Pisa;29;D;Dd/Dc;0;0;0;4;2;;
7140;Coppola F.;;Pisa;20;D;Dc;1;4,5;4;4;1;;
7136;Kouassi;;Lecce;22;D;Dd/Dc;4;5,5;5,5;4;1;LAMINCHIADURA;1
6925;Palma;;Udinese;17;D;Dc;3;5,5;5,5;4;1;;
6803;Rouhi;;Juventus;21;D;Ds/E;0;0;0;4;1;;
6245;Vogliacco;*;Genoa;27;D;Dd/Dc;0;0;0;4;4;;
5406;Di Pardo;;Cagliari;26;D;Dd/E;1;5,5;5,5;4;2;;
140;Hysaj;;Lazio;31;D;Dd/Ds/E;2;5,5;5,5;4;1;;
7027;Azon;*;Como;23;A;Pc;0;0;0;3;1;;
5845;Alvarez A.;*;Sassuolo;24;A;Pc;0;0;0;3;1;;
5515;Okereke;;Cremonese;28;A;A;2;6;6;3;1;;
5512;De Luca;*;Cremonese;27;A;Pc;1;7;10;3;2;;
2012;Milik;;Juventus;31;A;Pc;0;0;0;3;1;;
247;Pavoletti;;Cagliari;37;A;Pc;3;6;5,83;3;1;;
7223;Vergara;;Napoli;22;C;W/T;0;0;0;3;1;;
6676;Engelhardt;*;Como;24;C;M/C;0;0;0;3;2;;
5857;Pickel;*;Cremonese;28;C;M/C;0;0;0;3;2;;
5516;Bianco;*;Fiorentina;23;C;M/C;0;0;0;3;1;;
2274;Valoti;;Cremonese;32;C;C/T;0;0;0;3;1;;
7156;Pieragnolo;;Sassuolo;22;D;Ds/E;0;0;0;3;1;;
6883;Jean;;Lecce;25;D;Dc;0;0;0;3;1;;
6431;Paz Y.;;Sassuolo;23;D;Dd/E;0;0;0;3;1;;
5899;Gigot;;Lazio;32;D;Dc;0;0;0;3;1;;
5860;Ravanelli;*;Cremonese;28;D;Dc;0;0;0;3;2;;
7152;Bonfanti N.;*;Pisa;23;A;Pc;0;0;0;2;1;;
7134;Nasti;*;Cremonese;22;A;Pc;0;0;0;2;1;;
6635;Pizarro;*;Udinese;20;A;Pc;0;0;0;2;1;;
7177;Santiago;*;Verona;21;C;C;0;0;0;2;1;;
7147;Hojholt;;Pisa;24;C;M/C;6;5,67;5,58;2;2;;
6645;Marchwinski;;Lecce;23;C;T;0;0;0;2;1;;
6410;Kaba;;Lecce;24;C;M/C;9;5,72;5,72;2;3;;
7182;Ndaba;;Lecce;26;D;Ds/E;4;5,88;5,88;2;2;;
7170;Mbambi;;Pisa;17;D;Dc;0;0;0;2;1;;
7164;Perez M.;;Lecce;20;D;Dd/Dc;1;5;5;2;1;;
7142;Esteves T.;;Pisa;23;D;Dd/E;0;0;0;2;1;;
6826;Dembelè A.;;Torino;21;D;Dd/E;1;5;5;2;1;;
6551;Ilic M.;*;Bologna;22;D;Dc;0;0;0;2;1;;
6464;Wieteska;*;Cagliari;28;D;Dc;0;0;0;2;1;;
5891;Quagliata;*;Cremonese;25;D;Ds/E;0;0;0;2;1;;
543;Padelli;;Udinese;40;P;Por;2;6,25;5,25;2;4;;
7317;Trepy;;Cagliari;19;A;Pc;0;0;0;1;1;;
7309;Isaac;;Verona;21;A;Pc;0;0;0;1;1;;
7277;Arena A.;;Roma;16;A;Pc;0;0;0;1;1;;
7272;Gueye;;Udinese;19;A;Pc;2;5,75;5,75;1;1;;
7264;Ambrosino;;Napoli;22;A;Pc;1;5,5;5,5;1;2;;
7262;Balentien;;Milan;19;A;A;0;0;0;1;1;;
7171;Buffon L.;;Pisa;18;A;A;0;0;0;1;1;Salisburro;1
7159;Skjellerup;;Sassuolo;23;A;Pc;0;0;0;1;1;;
7158;Moro L.;;Sassuolo;24;A;Pc;3;5,67;5,67;1;1;;
6657;Gabrielloni;*;Como;31;A;Pc;0;0;0;1;1;;
2762;Kouamè;;Fiorentina;28;A;A;1;6;6;1;1;;
7248;Gorter;;Lecce;20;C;M/C;1;5,5;5,5;1;2;;
7151;Arena;*;Pisa;25;C;W/T;0;0;0;1;1;;
7025;Cuenca H.;;Genoa;20;C;W/T;0;0;0;1;1;;
6678;Liberali;*;Milan;18;C;W/T;0;0;0;1;1;;
6677;Adzic;;Juventus;19;C;C/T;3;6,17;7,17;1;2;;
6656;Braunoder;*;Como;23;C;M/C;0;0;0;1;1;;
6618;Cissè A.;*;Verona;19;C;W/T;0;0;0;1;1;;
6506;Fini;;Genoa;19;C;E/W;1;5,5;5,5;1;2;;
2553;Alli;*;Como;29;C;T;0;0;0;1;1;;
2076;Rog;;Cagliari;30;C;M/C;0;0;0;1;1;;
7312;Arizala;;Udinese;20;D;Ds/E;0;0;0;1;1;;
7238;Kouadio;;Fiorentina;19;D;Dc;1;6;6;1;1;;
6885;Abdulhamid;*;Roma;26;D;Dd/E;0;0;0;1;1;;
6874;Palacios T.;;Inter;22;D;Dc;0;0;0;1;1;;
6636;Veroli;*;Cagliari;22;D;Ds/Dc;0;0;0;1;1;;
5324;Godfrey;*;Atalanta;27;D;B/Dd/Ds;0;0;0;1;1;;
2847;Sernicola;*;Cremonese;28;D;Dd/Ds/E;0;0;0;1;1;;
7301;Tornqvist;;Como;23;P;Por;0;0;0;1;1;;
7285;Ferrante;;Napoli;19;P;Por;0;0;0;1;1;;
7261;Cavlina;;Como;23;P;Por;0;0;0;1;1;;
7236;Toniolo;;Verona;21;P;Por;0;0;0;1;1;;
7185;Nunziante;;Udinese;18;P;Por;0;0;0;1;1;;
7179;Israel;;Torino;25;P;Por;9;5,89;3,83;1;2;Chi vuol essere paraguaiano;1
7172;Pessina Mas.;;Bologna;18;P;Por;1;6;6;1;2;;
7169;Zelezny;;Roma;19;P;Por;0;0;0;1;1;ASTRO NZONZI;1
7042;Calligaris;;Inter;20;P;Por;0;0;0;1;1;;
6991;Siegrist;;Genoa;33;P;Por;0;0;0;1;1;;
6842;Sava;;Udinese;23;P;Por;7;5,57;3,5;1;2;Salisburro;1
6813;Torriani;;Milan;20;P;Por;0;0;0;1;1;;
6650;Sherri;;Cagliari;28;P;Por;0;0;0;1;1;;
6523;Samooja;;Lecce;22;P;Por;0;0;0;1;1;;
6505;Nava;;Cremonese;21;P;Por;0;0;0;1;1;;
6482;Mandas;;Lazio;24;P;Por;0;0;0;1;1;Eintracht Piangoforte;9
6417;Furlanetto;;Lazio;23;P;Por;0;0;0;1;1;;
6403;Christensen O.;;Fiorentina;26;P;Por;0;0;0;1;1;;
6210;Popa;;Torino;25;P;Por;0;0;0;1;1;;
6184;Martinelli T.;*;Fiorentina;19;P;Por;0;0;0;1;1;Betis Pinilla;1
6125;Vasquez D.;;Roma;27;P;Por;0;0;0;1;1;ASTRO NZONZI;3
5338;Rinaldi;;Parma;23;P;Por;0;0;0;1;1;;
5135;Guaita;;Parma;38;P;Por;0;0;0;1;4;;
5116;Martinez Jo.;;Inter;27;P;Por;2;6,25;5,75;1;2;Eintracht Piangoforte;1
4929;Ciocci;;Cagliari;23;P;Por;0;0;0;1;1;;
4867;Turati;;Sassuolo;24;P;Por;1;5,5;3,5;1;1;;
4518;Russo A.;*;Sassuolo;24;P;Por;0;0;0;1;1;;
2845;Contini;;Napoli;29;P;Por;0;0;0;1;1;;
2815;Terracciano;;Milan;35;P;Por;2;6;6;1;1;LAMINCHIADURA;7
2809;Vigorito;;Como;35;P;Por;0;0;0;1;1;;
2401;Fruchtl;;Lecce;25;P;Por;0;0;0;1;1;;
2297;Rossi F.;;Atalanta;34;P;Por;0;0;0;1;1;;
2271;Nicolas;;Pisa;37;P;Por;0;0;0;1;1;;
2211;Silvestri;;Cremonese;34;P;Por;4;6,38;4,62;1;2;;
2127;Satalino;;Sassuolo;26;P;Por;0;0;0;1;1;;
1930;Pinsoglio;;Juventus;35;P;Por;0;0;0;1;1;;
1926;Di Gennaro;;Inter;32;P;Por;0;0;0;1;1;;
610;Gollini;;Roma;30;P;Por;0;0;0;1;1;LAMINCHIADURA;1
574;Scuffet;;Pisa;29;P;Por;2;6;4,5;1;1;;
511;Perilli;;Verona;30;P;Por;0;0;0;1;1;;
219;Sommariva;;Genoa;28;P;Por;2;5,75;3,75;1;1;;
218;Perin;;Juventus;33;P;Por;2;6;5;1;2;Spezzacaviglie  FC;1
216;Donnarumma An.;*;Torino;35;P;Por;0;0;0;1;1;;
158;Lezzerini;;Fiorentina;30;P;Por;0;0;0;1;1;Betis Pinilla;1
4;Sportiello;;Atalanta;33;P;Por;0;0;0;1;1;;
3;Radunovic;*;Cagliari;29;P;Por;0;0;0;1;1;;
